{
  "voices": [
    {
      "id": "voice_1",
      "summary": "Digital inclusion means universal access to technology and the internet.",
      "supporting_arguments": [
        "Access to technology is a fundamental right.",
        "Bridging the digital divide improves education and employment."
      ],
      "counterpoints": [
        "Universal access does not guarantee digital literacy."
      ],
      "references": [
        "https://example.com/digital-inclusion"
      ],
      "users": ["user_abc", "user_xyz"]
    }
    // Additional voices to be added by clustering logic
  ]
}